<?xml version="1.0" encoding="UTF-8"?>

<mule xmlns:http="http://www.mulesoft.org/schema/mule/http"
	xmlns="http://www.mulesoft.org/schema/mule/core" xmlns:doc="http://www.mulesoft.org/schema/mule/documentation"
	xmlns:spring="http://www.springframework.org/schema/beans" 
	xmlns:xsi="http://www.w3.org/2001/XMLSchema-instance"
	xsi:schemaLocation="http://www.mulesoft.org/schema/mule/http http://www.mulesoft.org/schema/mule/http/current/mule-http.xsd
http://www.springframework.org/schema/beans http://www.springframework.org/schema/beans/spring-beans-current.xsd
http://www.mulesoft.org/schema/mule/core http://www.mulesoft.org/schema/mule/core/current/mule.xsd">
<http:request-config name="HTTP_Request_Configuration"
		host="localhost" port="${errorFramework.http.port}" doc:name="HTTP Request Configuration" />
    <choice-exception-strategy name="exceptionChoice_Exception_Strategy">
        <catch-exception-strategy doc:name="Business_Catch_Exception_Strategy" when="exception.causedBy('java.lang.Exception')">
        	<set-variable variableName="varErrorMessage" value="#[exception]"
			doc:name="Set varErrorMessage" />
		<http:request config-ref="HTTP_Request_Configuration"
			path="/" method="GET" doc:name="Error Framework">
			<http:request-builder>
				<http:query-param paramName="errorMessage"
					value="#[flowVars.varErrorMessage]" />
			</http:request-builder>
		</http:request>
        <set-property propertyName="Content-Type" value="application/json" doc:name="Set Content-Type"/>
        </catch-exception-strategy>
        <catch-exception-strategy doc:name="Catch Exception Strategy">
        	<set-variable variableName="varErrorMessage" value="#[exception]"
			doc:name="Set varErrorMessage" />
		<http:request config-ref="HTTP_Request_Configuration"
			path="/" method="GET" doc:name="Error Framework">
			<http:request-builder>
				<http:query-param paramName="errorMessage"
					value="#[flowVars.varErrorMessage]" />
			</http:request-builder>
		</http:request>
        <set-property propertyName="Content-Type" value="application/json" doc:name="Set Content-Type"/>
        	
        </catch-exception-strategy>
    </choice-exception-strategy>
</mule>
