<?xml version="1.0" encoding="UTF-8"?>

<mule xmlns:json="http://www.mulesoft.org/schema/mule/json" xmlns:metadata="http://www.mulesoft.org/schema/mule/metadata" xmlns:tracking="http://www.mulesoft.org/schema/mule/ee/tracking" xmlns:dw="http://www.mulesoft.org/schema/mule/ee/dw" xmlns:http="http://www.mulesoft.org/schema/mule/http" xmlns:sfdc="http://www.mulesoft.org/schema/mule/sfdc" xmlns="http://www.mulesoft.org/schema/mule/core" xmlns:doc="http://www.mulesoft.org/schema/mule/documentation"
	xmlns:spring="http://www.springframework.org/schema/beans" 
	xmlns:xsi="http://www.w3.org/2001/XMLSchema-instance"
	xsi:schemaLocation="http://www.springframework.org/schema/beans http://www.springframework.org/schema/beans/spring-beans-current.xsd
http://www.mulesoft.org/schema/mule/http http://www.mulesoft.org/schema/mule/http/current/mule-http.xsd
http://www.mulesoft.org/schema/mule/sfdc http://www.mulesoft.org/schema/mule/sfdc/current/mule-sfdc.xsd
http://www.mulesoft.org/schema/mule/ee/dw http://www.mulesoft.org/schema/mule/ee/dw/current/dw.xsd
http://www.mulesoft.org/schema/mule/core http://www.mulesoft.org/schema/mule/core/current/mule.xsd
http://www.mulesoft.org/schema/mule/ee/tracking http://www.mulesoft.org/schema/mule/ee/tracking/current/mule-tracking-ee.xsd
http://www.mulesoft.org/schema/mule/json http://www.mulesoft.org/schema/mule/json/current/mule-json.xsd">
    <sfdc:config name="Salesforce__Basic_Authentication" username="anshumanmohanty89@gmail.com" password="salesforce2018" securityToken="Lli1sAOeJBtwH6CxoO98zfpj" doc:name="Salesforce: Basic Authentication"/>
    <http:listener-config name="HTTP_Listener_Configuration" host="localhost" port="8081"  doc:name="HTTP Listener Configuration"/>
    <flow name="salesforce-syncFlow1">
        <http:listener config-ref="HTTP_Listener_Configuration" path="/sfdc" doc:name="HTTP"/>
        <logger level="INFO" doc:name="Logger"/>
        <choice doc:name="Choice">
            <when expression="#[message.inboundProperties.action == 'Create']">
                <flow-ref name="salesforce-syncFlow-Create" doc:name="salesforce-syncFlow-Create"/>
            </when>
            <when expression="#[message.inboundProperties.action == 'Update']">
                <flow-ref name="salesforce-syncFlow-Update" doc:name="salesforce-syncFlow-Update"/>
            </when>
            <when expression="#[message.inboundProperties.action == 'Delete']">
                <flow-ref name="salesforce-syncFlow-Delete" doc:name="salesforce-syncFlow-Delete"/>
            </when>
            <when expression="#[message.inboundProperties.action == 'Select']">
                <flow-ref name="salesforce-syncFlow-Select" doc:name="salesforce-syncFlow-Select"/>
            </when>
            <otherwise>
                <logger message="Not a valid operation" level="INFO" doc:name="Logger"/>
            </otherwise>
        </choice>
        <exception-strategy ref="exceptionChoice_Exception_Strategy" doc:name="Reference Exception Strategy"/>
    </flow>
    <flow name="salesforce-syncFlow-Create">
        <dw:transform-message doc:name="Transform Message" metadata:id="e4e3b73f-ea57-4a1a-a8ea-03f2352c3fc1">
            <dw:input-payload mimeType="application/json" doc:sample="sample_data\list_json.json"/>
            <dw:set-payload><![CDATA[%dw 1.0
%output application/java
---
payload map 
{
	Name: $.Name,
	AccountNumber:$.AccountNumber,
	BillingCity:$.BillingCity,
	BillingCountry:$.BillingCountry,
	BillingPostalCode:$.BillingPostalCode,
	BillingState:$.BillingState
}]]></dw:set-payload>
        </dw:transform-message>
        <sfdc:create config-ref="Salesforce__Basic_Authentication" type="Account" doc:name="Salesforce">
            <sfdc:objects ref="#[payload]"/>
        </sfdc:create>
        <dw:transform-message doc:name="Transform Message">
            <dw:set-payload><![CDATA[%dw 1.0
%output application/json
---
payload]]></dw:set-payload>
        </dw:transform-message>
        <logger message="#[payload]" level="INFO" doc:name="Logger"/>
    </flow>
    <flow name="salesforce-syncFlow-Update">
        <dw:transform-message doc:name="Transform Message">
            <dw:set-payload><![CDATA[%dw 1.0
%output application/java
---
payload map 
{
	Id:$.Id,
	Name:$.Name,
	AccountNumber:$.AccountNumber,
	BillingCity:$.BillingCity,
	BillingCountry:$.BillingCountry,
	BillingPostalCode:$.BillingPostalCode,
	BillingState:$.BillingState,
	Phone:$.Phone
}]]></dw:set-payload>
        </dw:transform-message>
        <sfdc:update config-ref="Salesforce__Basic_Authentication" type="Account" doc:name="Salesforce">
            <sfdc:objects ref="#[payload]"/>
        </sfdc:update>
        <dw:transform-message doc:name="Transform Message">
            <dw:set-payload><![CDATA[%dw 1.0
%output application/json
---
payload]]></dw:set-payload>
        </dw:transform-message>
        <logger message="#[payload]" level="INFO" doc:name="Logger"/>
    
    </flow>
    <flow name="salesforce-syncFlow-Delete">
        <dw:transform-message doc:name="Transform Message">
            <dw:set-payload><![CDATA[%dw 1.0
%output application/java
---
[
	"0016F000029lGkNQAU"
]]]></dw:set-payload>
        </dw:transform-message>
        <sfdc:delete config-ref="Salesforce__Basic_Authentication" doc:name="Salesforce"/>
        <dw:transform-message doc:name="Transform Message">
            <dw:set-payload><![CDATA[%dw 1.0
%output application/json
---
payload]]></dw:set-payload>
        </dw:transform-message>
        <logger message="#[payload]" level="INFO" doc:name="Logger"/>
    </flow>
    <flow name="salesforce-syncFlow-Select">
        <sfdc:query config-ref="Salesforce__Basic_Authentication" query="dsql:${salesforce.query}" doc:name="Salesforce"/>
        <dw:transform-message doc:name="Transform Message">
            <dw:set-payload><![CDATA[%dw 1.0
%output application/json
---
payload]]></dw:set-payload>
        </dw:transform-message>
        <logger message="#[payload]" level="INFO" doc:name="Logger"/>
    </flow>
</mule>
