<?xml version="1.0" encoding="UTF-8"?>
<mule xmlns:json="http://www.mulesoft.org/schema/mule/json" xmlns:metadata="http://www.mulesoft.org/schema/mule/metadata" xmlns:dw="http://www.mulesoft.org/schema/mule/ee/dw" xmlns:ws="http://www.mulesoft.org/schema/mule/ws" xmlns:tracking="http://www.mulesoft.org/schema/mule/ee/tracking" xmlns:doc="http://www.mulesoft.org/schema/mule/documentation" xmlns:jms="http://www.mulesoft.org/schema/mule/jms" xmlns="http://www.mulesoft.org/schema/mule/core" xmlns:apikit="http://www.mulesoft.org/schema/mule/apikit" xmlns:http="http://www.mulesoft.org/schema/mule/http" xmlns:spring="http://www.springframework.org/schema/beans" xmlns:xsi="http://www.w3.org/2001/XMLSchema-instance" xsi:schemaLocation="http://www.mulesoft.org/schema/mule/core http://www.mulesoft.org/schema/mule/core/current/mule.xsd
http://www.mulesoft.org/schema/mule/http http://www.mulesoft.org/schema/mule/http/current/mule-http.xsd
http://www.mulesoft.org/schema/mule/apikit http://www.mulesoft.org/schema/mule/apikit/current/mule-apikit.xsd
http://www.springframework.org/schema/beans http://www.springframework.org/schema/beans/spring-beans-3.1.xsd
http://www.mulesoft.org/schema/mule/jms http://www.mulesoft.org/schema/mule/jms/current/mule-jms.xsd
http://www.mulesoft.org/schema/mule/ws http://www.mulesoft.org/schema/mule/ws/current/mule-ws.xsd
http://www.mulesoft.org/schema/mule/ee/tracking http://www.mulesoft.org/schema/mule/ee/tracking/current/mule-tracking-ee.xsd
http://www.mulesoft.org/schema/mule/ee/dw http://www.mulesoft.org/schema/mule/ee/dw/current/dw.xsd
http://www.mulesoft.org/schema/mule/json http://www.mulesoft.org/schema/mule/json/current/mule-json.xsd">
    <http:listener-config name="challenge-httpListenerConfig" host="localhost" port="8081" doc:name="HTTP Listener Configuration"/>
    <apikit:config name="challenge-config" raml="challenge.raml" consoleEnabled="false" doc:name="Router" keepRamlBaseUri="false"/>
    <jms:activemq-connector name="Active_MQ" brokerURL="tcp://localhost:61616" validateConnections="true" doc:name="Active MQ" disableTemporaryReplyToDestinations="true"/>
    <http:request-config name="HTTP_Request_Configuration"  host="localhost" port="80" basePath="/service" doc:name="HTTP Request Configuration">
    </http:request-config>
    
    <http:listener-config name="HTTP_Listener_Configuration" host="localhost" port="80" basePath="/service" doc:name="HTTP Listener Configuration"/>
    <ws:consumer-config name="Web_Service_Consumer" wsdlLocation="Policy.wsdl" service="DocumentDistribution" port="DocumentDistributionSOAP" serviceAddress="http://local.topdanmark.dk/distribute" doc:name="Web Service Consumer"/>
    <flow name="challenge-main">
        <http:listener config-ref="challenge-httpListenerConfig" path="/challenge/*" doc:name="HTTP" allowedMethods="POST"/>
        <apikit:router config-ref="challenge-config" doc:name="APIkit Router"/>
        <exception-strategy ref="challenge-apiKitGlobalExceptionMapping" doc:name="Reference Exception Strategy"/>
    </flow>
    <flow name="challenge-console">
        <http:listener config-ref="challenge-httpListenerConfig" path="/console/*" doc:name="HTTP"/>
        <apikit:console config-ref="challenge-config" doc:name="APIkit Console"/>
    </flow>
    <flow name="post:/customer:challenge-config" processingStrategy="synchronous">
        <byte-array-to-object-transformer doc:name="Byte Array to Object"/>
        <json:object-to-json-transformer doc:name="Object to JSON"/>
        <set-variable variableName="customerId" value="#[json:customerId]" doc:name="Variable"/>
        <scatter-gather doc:name="Scatter-Gather">
            <processor-chain>
                <set-payload value="#[json:customerId]" doc:name="customerId"/>
                <request-reply doc:name="Request-Reply">
                	<jms:outbound-endpoint connector-ref="Active_MQ" exchange-pattern="request-response" queue="cust_request" doc:name="JMS"/>
        			<jms:inbound-endpoint connector-ref="Active_MQ" exchange-pattern="request-response" queue="cust_response" doc:name="JMS"/>
                    
                </request-reply>
                <set-payload value="#[payload[0]]" doc:name="Set Payload"/>
                <object-to-string-transformer doc:name="Object to String"/>
                <json:object-to-json-transformer doc:name="Object to JSON"/>
            </processor-chain>
            <processor-chain>
                <set-payload value="#[json:policyId]" doc:name="Set Payload"/>
                <http:request config-ref="HTTP_Request_Configuration" path="/policy/{policyId}" method="GET" doc:name="PolicyService">
                    <http:request-builder>
                        <http:uri-param paramName="policyId" value="#[payload]"/>
                    </http:request-builder>
                </http:request>
            </processor-chain>
        </scatter-gather>
        <dw:transform-message doc:name="Transform Message">
            <dw:set-payload><![CDATA[%dw 1.0
%output application/xml
%namespace ns0 http://local.topdanmark.dk/DocDistribution/
---
{
	ns0#distribution_request: {
		customerId:flowVars.customerId,
		name:payload[0].name,
		street_1:payload[0].street_1,
		street_2:payload[0].street_2,
		zipcode:payload[0].zipcode,
		city:payload[0].city,
		country:payload[0].country,
		policynumber:payload[1].policy,
		policytype:payload[1].type,
		price:payload[1].premium
	}
}]]></dw:set-payload>
        </dw:transform-message>
        <ws:consumer config-ref="Web_Service_Consumer" operation="sendDocument" doc:name="Web Service Consumer"/>


        <dw:transform-message doc:name="Transform Message" metadata:id="841c6ea7-4564-41ae-a2a9-b833f26591d7">
            <dw:set-payload><![CDATA[%dw 1.0
%output application/json
%namespace ns0 http://local.topdanmark.dk/DocDistribution/
---
{
	status: payload.ns0#distribution_report.status,
	message: payload.ns0#distribution_report.message
}]]></dw:set-payload>
        </dw:transform-message>
        <set-payload value="{&#xA;  &quot;status&quot;:&quot;0&quot;,&#xA;  &quot;message&quot;:&quot;Distribution OK&quot;&#xA;}" doc:name="Set Payload"/>

    </flow>
    <flow name="challengeFlow">
        <http:listener config-ref="HTTP_Listener_Configuration" path="/policy/{policyId}" doc:name="HTTP" allowedMethods="GET"/>
        <dw:transform-message doc:name="Transform Message">
            <dw:set-payload><![CDATA[%dw 1.0
%output application/json
---
{
	"policy":"123123123",
	"type":"car insurance",
	"active_form":"2017-01-01",
	"premium":5000,
	"currency":"USD"
}]]></dw:set-payload>
        </dw:transform-message>

    </flow>
      <flow name="JMSFlow">
      <jms:inbound-endpoint exchange-pattern="request-response" queue="cust_request" connector-ref="Active_MQ" doc:name="JMS"/>
        
        <dw:transform-message doc:name="Transform Message">
            <dw:set-payload><![CDATA[%dw 1.0
%output application/json
---
{
	"name":"John Doe",
	"street_1":"Main street",
	"street_2":"",
	"zipcode":55667,
	"city":"Stoneville",
	"country":"Denmark"
}]]></dw:set-payload>
        </dw:transform-message>

    </flow>  
    <apikit:mapping-exception-strategy name="challenge-apiKitGlobalExceptionMapping">
        <apikit:mapping statusCode="404">
            <apikit:exception value="org.mule.module.apikit.exception.NotFoundException" />
            <set-property propertyName="Content-Type" value="application/json" doc:name="Property"/>
            <set-payload value="{ &quot;message&quot;: &quot;Resource not found&quot; }" doc:name="Set Payload"/>
        </apikit:mapping>
        <apikit:mapping statusCode="405">
            <apikit:exception value="org.mule.module.apikit.exception.MethodNotAllowedException" />
            <set-property propertyName="Content-Type" value="application/json" doc:name="Property"/>
            <set-payload value="{ &quot;message&quot;: &quot;Method not allowed&quot; }" doc:name="Set Payload"/>
        </apikit:mapping>
        <apikit:mapping statusCode="415">
            <apikit:exception value="org.mule.module.apikit.exception.UnsupportedMediaTypeException" />
            <set-property propertyName="Content-Type" value="application/json" doc:name="Property"/>
            <set-payload value="{ &quot;message&quot;: &quot;Unsupported media type&quot; }" doc:name="Set Payload"/>
        </apikit:mapping>
        <apikit:mapping statusCode="406">
            <apikit:exception value="org.mule.module.apikit.exception.NotAcceptableException" />
            <set-property propertyName="Content-Type" value="application/json" doc:name="Property"/>
            <set-payload value="{ &quot;message&quot;: &quot;Not acceptable&quot; }" doc:name="Set Payload"/>
        </apikit:mapping>
        <apikit:mapping statusCode="400">
            <apikit:exception value="org.mule.module.apikit.exception.BadRequestException" />
            <set-property propertyName="Content-Type" value="application/json" doc:name="Property"/>
            <set-payload value="{ &quot;message&quot;: &quot;Bad request&quot; }" doc:name="Set Payload"/>
        </apikit:mapping>
    </apikit:mapping-exception-strategy>
</mule>
